submission_id,created_at,updated_at,source_type,is_open,is_partial,first_name,middle_name,last_name,gotyme_bank_account,email_address,referrer_full_name,referrer_gotyme_bank_account,referrer_email_address,accepted_terms_and_conditions,accepted_emails_and_notifications,full_name
6a291eac68e142eea47c9bfd,2026-06-10T08:22:07.238Z,2026-06-10T08:22:13.927Z,WEB,true,false,Hershey,Chocolate,Dela Cruz,003456789000,rgugol@mailinator.com,John Doe,123456789909,jdoe@mailinator.com,I accept,I accept,Hershey Chocolate Dela Cruz
6a291cb68883f8b37bc12cba,2026-06-10T08:13:45.036Z,2026-06-10T08:13:52.564Z,WEB,true,false,231323123,221323131,sdsaasdad,111111111111,1231231312@gmail.com,231323123123213123213213213213,123123132312,231321@gmail.com,I accept,I accept,231323123 221323131 sdsaasdad
6a291a008883f8b37bc12ac7,2026-06-10T08:02:11.173Z,2026-06-10T08:02:17.999Z,WEB,true,false,e121232121,e133,2313213213,123123213131,123123123123@gmail.com,12321321321,111111111111,dsadaas@gmail.com,I accept,I accept,e121232121 e133 2313213213
6a291815ae39acf3633efdce,2026-06-10T07:53:59.607Z,2026-06-10T07:54:06.645Z,WEB,true,false,asfafsf,fffsafaf,safaffas,111111111111,22132321321@gmail.com,1123123123123123,111111111111,4124124@gmail.com,I accept,I accept,asfafsf fffsafaf safaffas
6a291734ae39acf3633efd08,2026-06-10T07:50:14.653Z,2026-06-10T07:50:21.383Z,WEB,true,false,12312312,233123,1231231,111111111111,123132312@GMAIL.COM,123121321312,123131231312,12312312@GMAIL.COM,I accept,I accept,12312312 233123 1231231
6a29159cae39acf3633efa19,2026-06-10T07:43:27.160Z,2026-06-10T07:43:35.121Z,WEB,true,false,csfass,asafasa,sfsafafs,111111111111,wrqrrwq@gmail.com,wffafsfasfsa,111111111111,fdfsfsdfs@gmail.com,I accept,I accept,csfass asafasa sfsafafs
6a29143368e142eea47c9111,2026-06-10T07:37:28.562Z,2026-06-10T07:37:42.005Z,WEB,true,false,4124141421421,12444214,4412412,111111111111,424142@Gmail.com,221312312312,341244124141,ffeewewrewtwe@gmail.com,I accept,I accept,4124141421421 12444214 4412412
6a2913658883f8b37bc121c0,2026-06-10T07:34:00.022Z,2026-06-10T07:34:08.915Z,WEB,true,false,Patricia,Valderrama,Tan,123456778900,rgugol1@exist.com,Renzo Gugol,123456789087,ptan@exist.com,I accept,I accept,Patricia Valderrama Tan
6a29130568e142eea47c8ea1,2026-06-10T07:32:24.331Z,2026-06-10T07:32:31.135Z,WEB,true,false,1241141,41241241442141241,sdfsdfdfdsfsdfds,213123123213,fasffsafa@gmail.cm,efrwwrewrewrew,111111111111,asfafsa@gmail.com,I accept,I accept,1241141 41241241442141241 sdfsdfdfdsfsdfds
6a2910158883f8b37bc11fd1,2026-06-10T07:19:52.029Z,2026-06-10T07:19:58.737Z,WEB,true,false,Renzo,Mercado,Dela Cru,123456789000,rgugol@exist.com,Danny Fabella,123456789001,dfabella@exist.com,I accept,I accept,Renzo Mercado Dela Cru
6a29020b8883f8b37bc1183b,2026-06-10T06:19:57.404Z,2026-06-10T06:20:04.377Z,WEB,true,false,test,test,test,111111111111,fasfafafas@Gmail.com,fasfsafasfasfsafafafasf,212321321313,41424@Gmail.com,I accept,I accept,test test test
6a28dc17ae39acf3633ee429,2026-06-10T03:38:01.978Z,2026-06-10T03:38:09.673Z,WEB,true,false,Marj,B,Castil,12222111,marjcastil@gmail.com,John Doe,123456789101,marjcstl@gmail.com,I accept,I accept,Marj B Castil
6a28d3b5ae39acf3633ee279,2026-06-10T03:02:16.290Z,2026-06-10T03:02:24.278Z,WEB,true,false,Anjanette,Test,Acedera,823737727799,aacedera+14@exist.com,Jayjay,298373737777,mjpollente+221@exist.com,I accept,I accept,Anjanette Test Acedera
6a28bec38883f8b37bc1061f,2026-06-10T01:32:53.222Z,2026-06-10T01:33:00.459Z,WEB,true,false,Testtt,tsetetset,testset,645645645342,aacedera+13@exist.com,test,543543544343,jtandoc+2@exist.com,I accept,I accept,Testtt tsetetset testset
6a27ae7c87b07903377ae00a,2026-06-09T06:11:10.416Z,2026-06-09T06:11:16.940Z,WEB,true,false,Anjanette,er2,Acedera,423423423424,aacedera+12@exist.com,Jaymart,435345354535,jtandoc+1@exist.com,I accept,I accept,Anjanette er2 Acedera
6a27ad672a67ab5157b10c82,2026-06-09T06:06:34.645Z,2026-06-09T06:06:41.654Z,WEB,true,false,Anjanette,gsgd,Acedera,453453535353,aacedera+11@exist.com,Jaymart,543534535345,jtandoc@exist.com,I accept,I accept,Anjanette gsgd Acedera
6a27a4d587b07903377ad714,2026-06-09T05:29:59.084Z,2026-06-09T05:30:06.034Z,WEB,true,false,Anjanette,test,Acedera,324324342423,aacedera+10@exist.com,jaymart,345345345345,jtandoc@exist.com,I accept,I accept,Anjanette test Acedera
6a27a474069e52facd4642c8,2026-06-09T05:28:22.480Z,2026-06-09T05:28:29.516Z,WEB,true,false,Anjanette,test,Acedera,345355345345,aacedera+9@exist.com,JJ,543534535435,jtandoc@exist.com,I accept,I accept,Anjanette test Acedera
6a26323a95cdcbe7d5e70fde,2026-06-08T03:08:45.111Z,2026-06-08T03:08:51.506Z,WEB,true,false,Anjanette,Test,Acedera,435534535345,aacedera@exist.com,Test,453435345345,testanj2711@gmail.com,I accept,I accept,Anjanette Test Acedera
6a2630b2c542a5f8ec89fb44,2026-06-08T03:02:12.842Z,2026-06-08T03:02:19.576Z,WEB,true,false,Anjanette,Test,Acedera,435345353453,aacedera@exist.com,test,435453453453,aacedera+3@exist.com,I accept,I accept,Anjanette Test Acedera
6a2252cc4c7ddd63ca166692,2026-06-05T04:38:39.177Z,2026-06-05T04:38:45.589Z,WEB,true,false,Anjanette,tersst,Acedera,453534534,aacedera@exist.com,Referrer1,2324324,aacedera+2@exist.com,I accept,I accept,Anjanette tersst Acedera
6a22453ae77890b5eb3439b1,2026-06-05T03:40:45.161Z,2026-06-05T03:40:51.534Z,WEB,true,false,Jaymart,Regato,Tandoc,333333333333,jtandoc@exist.com,sfasfaaf,312313123131,test@gmail.com,I accept,I accept,Jaymart Regato Tandoc
6a222e8a4c7ddd63ca165812,2026-06-05T02:03:57.276Z,2026-06-05T02:04:04.034Z,WEB,true,false,Anjanette,tersst,Acedera,423253253253,aacedera@exist.com,test test,34243243424,aacedera@exist.com,I accept,I accept,Anjanette tersst Acedera
6a222330e77890b5eb34328a,2026-06-05T01:15:31.068Z,2026-06-05T01:15:37.079Z,WEB,true,false,gasga,gasgas,gsagaga,111111111111,jtandoc@exist.com,test,123333333333,dfabella@exist.com,I accept,I accept,gasga gasgas gsagaga
6a219341e77890b5eb3415b0,2026-06-04T15:01:24.250Z,2026-06-04T15:01:31.260Z,WEB,true,false,aewawe,aewaw,aweaw,1232312,mjpollente@exist.com,kuyamart,12321,jtandoc@exist.com,I accept,I accept,aewawe aewaw aweaw
6a2192e04c7ddd63ca16337e,2026-06-04T14:59:47.325Z,2026-06-04T14:59:53.718Z,WEB,true,false,Mark,weaw,ewaewa,1231231,mjpollente@exist.com,waeaw,123123,jtandoc@exist.com,I accept,I accept,Mark weaw ewaewa
6a2191d6e77890b5eb341454,2026-06-04T14:55:21.810Z,2026-06-04T14:55:28.172Z,WEB,true,false,awe,waewa,awewa,123123,mjpollente@exist.com,waeaw,1231231,jtandoc@exist.com,I accept,I accept,awe waewa awewa
6a217fd54c7ddd63ca16201e,2026-06-04T13:38:32.065Z,2026-06-04T13:38:38.767Z,WEB,true,false,waewa,ewaewa,rwaew,2113123,mjpollente@exist.com,ewaewa,1231231,jtandoc@exist.com,I accept,I accept,waewa ewaewa rwaew
6a217f91e77890b5eb34040d,2026-06-04T13:37:23.450Z,2026-06-04T13:37:30.207Z,WEB,true,false,waeaw,jtaw,rawa,12312321,mjpollente@exist.com,waewae,1231231,jtandoc@exist.com,I accept,I accept,waeaw jtaw rawa
6a21633e4c7ddd63ca1611f4,2026-06-04T11:36:32.393Z,2026-06-04T11:36:38.823Z,WEB,true,false,412414,124124124,41241412421,4124124214,12412421412@gmail.com,14142141,124124124,4124124@gmail.com,I accept,I accept,412414 124124124 41241412421
6a214508be4cc164bd4c7390,2026-06-04T09:27:38.584Z,2026-06-04T09:27:44.919Z,WEB,true,false,waea,ewe,awes,123213,pollentemark@gmail.com,awewa,123123,jaymarttandoc@gmail.com,I accept,I accept,waea ewe awes
6a2141a3be4cc164bd4c6aee,2026-06-04T09:13:09.404Z,2026-06-04T09:13:15.875Z,WEB,true,false,wekaw,wrkawk,pweapw,231213,mjpollente@exist.com,awewa,123123,jtandoc@exist.com,I accept,I accept,wekaw wrkawk pweapw
6a2140fabe4cc164bd4c68f6,2026-06-04T09:10:20.240Z,2026-06-04T09:10:26.617Z,WEB,true,false,ata,weaw,otest,1231232,mjpollente@exist.com,htandc,2132,jtandoc@exist.com,I accept,I accept,ata weaw otest
6a214063e77890b5eb33c9a3,2026-06-04T09:07:49.438Z,2026-06-04T09:07:57.111Z,WEB,true,false,Testgain,test,test,21312321,mjpollente@exist.com,Jaymart,12321,jtandoc@exist.com,I accept,I accept,Testgain test test
6a213eade77890b5eb33c5c7,2026-06-04T09:00:32.262Z,2026-06-04T09:00:39.275Z,WEB,true,false,Testemailagain,test,test,1232132,mjpollente@exist.com,jaymart,123231,jtandoc@exist.com,I accept,I accept,Testemailagain test test
6a1e8b4897ee9a7565d111e8,2026-06-02T07:50:34.149Z,2026-06-02T07:50:41.183Z,WEB,true,false,412412,14124214,1412421,,412421@gmail.com,214412421,,21421421421412@gmail.com,I accept,I accept,412412 14124214 1412421
6a1e8a2bfa4d1e0aa1055f7c,2026-06-02T07:45:49.410Z,2026-06-02T07:45:56.344Z,WEB,true,false,412414,412412,41241,,1412421@gmailc.om,124124124,,1241421421412@gmail.com,I accept,I accept,412414 412412 41241
6a1dbc349671f3ebd677e921,2026-06-01T17:07:02.245Z,2026-06-01T17:07:08.940Z,WEB,true,false,test,test,test,,test@gmail.com,test,,test1@gmail.com,I accept,I accept,test test test